<?xml version="1.0" encoding="UTF-8"?>
<addon id="script.game.connect4"
       version="0.2.0" name="[COLOR lime]FESTA CONECTA[/COLOR]"
       provider-name="The[COLOR lime]Highway[/COLOR]">
  <requires>
  	<import addon="xbmc.python" version="2.1.0"/>
  	<import addon="script.module.t0mm0.common" optional="true" />
  	<import addon="script.module.addon.common" optional="true" />
  	<import addon="script.common.plugin.cache" optional="true" />
  	<import addon="script.module.metahandler" optional="true" />
  	<import addon="script.module.urlresolver" optional="true" />
  </requires>
  <extension point="xbmc.python.script" library="default.py">
    <provides>executable game video</provides>
  </extension>
  <extension point="xbmc.addon.metadata">
  	<summary>Game - Connect 4</summary>
  	<description>Game - Connect 4.  Currently for 2 human players.  Users a 720p .xml skin file.</description>
  	<disclaimer>By using this, you take reponsibility for anything that happens.  This is project is for a LEARNING EXPERIANCE.</disclaimer>
  	<language>en</language>
  	<platform>all</platform>
  	<forum></forum>
  	<website></website>
  	<email></email>
  </extension>
</addon>