<?xml version="1.0" encoding="UTF-8" standalone="yes"?>
<addon id="plugin.video.Lilianime"
       name="[COLOR pink]Lili anime[/COLOR]" 
       version="0.0.6"
       provider-name="Lis">
  <requires>
    <import addon="xbmc.python" version="2.1.0"/>
    <import addon="script.module.beautifulsoup" version="3.2.1"/>
    <import addon="script.module.simple.downloader" version="0.9.4"/>
    <import addon="script.module.beautifulsoup4" />
    <import addon="script.module.requests" />
    <import addon="script.module.httplib2" />
    <import addon="script.module.liveresolver" version="0.1.24" optional="true"/>
    <import addon="script.module.youtube.dl" />
    <import addon="plugin.video.youtube"  />
    <import addon="script.module.urlresolver" />
    <import addon="script.module.simplejson" />    
     <import addon="script.module.livestreamer" optional="true"/>
     <import addon="script.module.pyamf" optional="true"/>
  </requires>
  <extension point="xbmc.python.pluginsource" library="default.py">
    <provides>video </provides>
  </extension> 
  
 

  <extension point="xbmc.addon.metadata">
    <summary>Creado por Lis</summary>
    <description>Se recomienda supervisión parental para acceder directamente a la sección infantil.Sección +16 años con escenas de desnudez fuerte y explícita, escenas fuertes,imagenes muy intensas y sangre en mucha cantidad.Addon dedicado a los  pequeñ@s y adolescentes de la familia Festa.Addon de entretenimiento y educativo, porque con Festa Kids, aprender es divertido.</description>
    <platform>all</platform>
	<assets>
		<icon>icon.gif</icon>
		<fanart>fanart.jpg</fanart>
	  </assets>
  </extension>
</addon>
