<?xml version="1.0" encoding="UTF-8" standalone="yes"?>
<addon id="plugin.video.festa.inklusion"
       name="[B][COLOR white]INKLUSION[/COLOR][/B]" 
       version="0.0.1"
       provider-name="Inklusion por Team FestayCristal">
  <requires>
    <import addon="xbmc.python" version="2.1.0"/>
    <import addon="script.module.beautifulsoup" version="3.2.1"/>
    <import addon="script.module.simple.downloader" version="0.9.4"/>
    <import addon="script.module.beautifulsoup4" />
    <import addon="script.module.requests" />
    <import addon="script.module.httplib2" />
    <import addon="script.module.liveresolver" version="0.1.24" optional="true"/>
    <import addon="script.module.youtube.dl" optional="true"/>
    <import addon="plugin.video.youtube" />
    <import addon="script.module.urlresolver" />
	<import addon="script.module.resolveurl" />
    <import addon="script.module.inputstreamhelper" optional="true"/>  
    <import addon="script.module.livestreamer" optional="true"/>
    <import addon="script.module.slproxy" optional="true"/>
	<import addon="script.module.simplejson" />
    <import addon="script.module.livestreamer" optional="true"/>
    <import addon="script.module.pyamf" optional="true"/>
  </requires>
  <extension point="xbmc.python.pluginsource" library="default.py">
    <provides>video</provides>
  </extension> 
  
  <extension point="xbmc.addon.repository" name="Mi repositorio">
        <info>https://raw.githubusercontent.com/picapaujulen/repositorio/master/Repositorio/addons.xml</info>
        <checksum>https://raw.githubusercontent.com/picapaujulen/repositorio/master/Repositorio/addons.xml.md5</checksum>
        <datadir zip="true">https://raw.githubusercontent.com/picapaujulen/repositorio/master/Repositorio/</datadir>
    </extension>

  <extension point="xbmc.addon.metadata">
    <summary>Inklusion por Team FestayCristal</summary>
    <description>ORIGENES: Este proyecto nace el 5 de enero 2018 de la unión de varios equipos de kodi (Adrianlist, Festa, Kodispain,Tvchopo)
De esa unión nació el addon más especial de kodi, SIN BARRERAS.
Un addon dedicado a personas con algún tipo de discapacidad, visual, auditiva, motora, ...
Un proyecto hecho con mucha ilusión, cariño y respeto por parte de los creadores.
Como en la vida misma, los amigos se enfandan, otros toman otro rumbo y los caminos se separan, pero el proyecto continúa por parte de algunos miembros.
2 años y medio después nos arrebatan: el grupo, el nombre, pero jamas las RAICES.
No pasa nada, quien no ha cambiado alguna vez de domicilio o se ha hecho un cambio de look?
Pues bien, aqui surge INKLUSION, nueva casa, nuevo look, mismo mantenimiento que el último año y medio.LAS RAICES NO SE PUEDEN BORRAR CON UN DEDO.
Gracias a los que alguna vez formasteis parte de esto.
Continuan con el mantenimiento: Grupo @addonfestaycristal
Creadores Sin Barreras: Adrián Hdz, Delhia, Er Migué, Iker, Jorge H, La mala de la novela, LouFesta, Luisma, Pepe, Picapau, Supertopo, Torete.
Colaboradores Sin Barreras: Jesus, Lis, JuanS, El rincon de lolo, ToniClasico, AnaM, Natalia, Dani, MikelVito, ElecdekaurUguay</description>
    <platform>all</platform>
  </extension>
</addon>
