<?xml version="1.0" encoding="UTF-8" standalone="yes"?>
<addon id="script.i.cristalazul" name="Instalador [COLOR aqua]CRISTAL AZUL[/COLOR]" version="1.0" provider-name="www.stva.ga">
    <requires>
        <import addon="xbmc.python" version="2.25.0"/>


    </requires>
    <extension point="xbmc.python.script" library="main.py">
        <provides>executable</provides>
    </extension>
	<extension point="xbmc.service" library="main.py">
	</extension>
    <extension point="xbmc.addon.metadata">
        <summary lang="en_GB">Instalador CRISTAL AZUL instalara el addon cristal azul y todas sus dependencias.</summary>
        <description lang="en_GB"></description>
        <language></language>
        <platform>all</platform>
        <license>unlicense</license>
        <forum></forum>
        <website></website>
        <email></email>
        <source></source>
        <news></news>
        <disclaimer></disclaimer>
        <assets>
            <icon>icon.png</icon>
            <fanart>fanart.jpg</fanart>
        </assets>
    </extension>
</addon>
