<?xml version="1.0" encoding="UTF-8" standalone="yes"?>
<addon id="plugin.video.festa"
       name="[COLOR lime]FESTA[/COLOR]"
       version="0.0.6"
       provider-name="lourdes y picapau">
  <requires>
    <import addon="xbmc.python" version="2.1.0"/>
    <import addon="script.module.beautifulsoup" version="3.2.1"/>
    <import addon="script.module.simple.downloader" version="0.9.4"/>
    <import addon="script.module.beautifulsoup4" />
    <import addon="script.module.requests" />
    <import addon="script.module.httplib2" />
    <import addon="script.module.liveresolver" version="0.1.24" optional="true"/>
    <import addon="script.module.youtube.dl" optional="true"/>
    <import addon="plugin.video.youtube" optional="true" />
    <import addon="script.module.urlresolver" optional="true"/>
    <import addon="script.module.simplejson" />    
     <import addon="script.module.livestreamer" optional="true"/>
     <import addon="script.module.pyamf" optional="true"/>
  </requires>
  <extension point="xbmc.python.pluginsource" library="default.py">
    <provides>video audio</provides>
  </extension> 
  
  <extension point="xbmc.addon.repository" name="Mi repositorio">
        <info>https://raw.githubusercontent.com/picapaujulen/repositorio/master/Repositorio/addons.xml</info>
        <checksum>https://raw.githubusercontent.com/picapaujulen/repositorio/master/Repositorio/addons.xml.md5</checksum>
        <datadir zip="true">https://raw.githubusercontent.com/picapaujulen/repositorio/master/Repositorio/</datadir>
    </extension>

  <extension point="xbmc.addon.metadata">
    <summary>Creado por lourdes y picapau</summary>
    <description>TODOS LOS VIERNES A LAS 22:00H (HORA PENINSULAR),SACAMOS UNA NUEVA SECCION. festa 2017/18 version 0.0.6 especial navidad, modificado para que sea tambien un repositorio,CONTEO DE ENTRADAS AL ADDON</description>
    <platform>all</platform>
  </extension>
</addon>
