<?xml version="1.0" encoding="UTF-8" standalone="yes"?>
<addon id="plugin.video.festa" name="[B][/B][COLOR deeppink]FESTA[/COLOR]" version="3.0.0" provider-name="Team FestayCristal">
    <requires>
        <import addon="script.module.six"/>
        <import addon="script.module.kodi-six"/>
        <import addon="script.module.requests"/>
        <import addon="script.module.websocket" optional="true" />
        <import addon="script.module.youtube.dl" optional="true" />
        <import addon="plugin.video.youtube" />
        <import addon="script.module.dateutil" optional="true" />
        <import addon="script.module.resolveurl" optional="true" />
        <import addon="script.module.cloudscraper" optional="true" />
        <import addon="script.module.inputstreamhelper" />
        <import addon="script.module.pycryptodome" optional="true" />
        <import addon="script.module.slproxy" optional="true" />
    </requires>
    <extension point="xbmc.python.pluginsource" library="default.py">
        <provides>video audio</provides>
    </extension>
    <extension point="xbmc.service" library="autoexec.py" start="autoexec" />
    <extension point="xbmc.addon.repository" name="Mi repositorio">

        <dir>
            <info>https://raw.githubusercontent.com/picapaujulen/repositorio/master/Repositorio/addons.xml</info>
            <checksum>https://raw.githubusercontent.com/picapaujulen/repositorio/master/Repositorio/addons.xml.md5</checksum>
            <datadir zip="true">https://raw.githubusercontent.com/picapaujulen/repositorio/master/Repositorio/</datadir>
        </dir>

        <dir>
            <info compressed="false">https://raw.githubusercontent.com/Gujal00/smrzips/master/addons.xml</info>
            <checksum>https://raw.githubusercontent.com/Gujal00/smrzips/master/addons.xml.md5</checksum>
            <datadir zip="true">https://raw.githubusercontent.com/Gujal00/smrzips/master/zips/</datadir>
        </dir>

        <dir>
            <info compressed="false">https://raw.githubusercontent.com/jsergio123/zips/master/addons.xml</info>
            <checksum>https://raw.githubusercontent.com/jsergio123/zips/master/addons.xml.md5</checksum>
            <datadir zip="true">https://raw.githubusercontent.com/jsergio123/zips/master/</datadir>
        </dir>
    </extension>


    <extension point="xbmc.addon.metadata">
        <summary>Creado por Team FestayCristal</summary>
        <description>ESTE ADDON NO CONTIENE ENLACES PROPIOS,SON RECOPILACIONES DE LA RED, SOLO SE FACILITA EL ACESSO A ESAS WEBS, ESTAS WEBS SON LAS RESPONSABLES DE LOS CONTENIDOS
        </description>
        <platform>all</platform>
        <assets>
            <icon>icon.gif</icon>
            <fanart>fanart.jpg</fanart>
        </assets>
    </extension>
</addon>
